id,img
1,"data:image/png;base64,iVBORw0KGgoAAAANSUhEUgAAABAAAAAQCAYAAAAf8/9hAAAABGdBTUEAAK/INwWK6QAAABl0RVh0U29mdHdhcmUAQWRvYmUgSW1hZ2VSZWFkeXHJZTwAAAJlSURBVDjLpZNNSJRhEMd/z7u6666b6VaQFoohgYpYFHoKo2+SDnbo4smOHQUvfVy6CoHHTkUQHYLCgyAEK32AUUSHCqKMxYIs3ErXV3ff93memQ7FJhkdak7DMPPjz8z8jaryP1Hze8HNmKwqoyqcEKFPFVR4IsK0Clc2ndJwfb9Zr8DNmAEVrpnWsXbT2Icmc6AeLRfx354TvR0viDDSNKT3NwBc3gxp48CdYPswmtmMX3uNRF9QVwFTR1DXgbEB0fvbRJ/vn952Ru9WATZvcqrMJ3puZSUo4SsFsCuIi1Bf+QERxaRaSaR6WJ49G4rQ1jysXwMAFUaDtgtZTYJEBXCr5CeLIDH4mAf3QGyIK73AR+/IdF7IimcUIAAQYdA09SOVAurKqFgOnkyjYlFvOTAQohKhNsQtPaOmcTfiGVwP6CLVgLil6pCKRV2M+vhnblEfI1ERiPCe9uoZVSirqyTxDnxMuFzixdM5St9CEEd9xtDd3UAm5VECUEWExC8FngK2DCQJl1eYzb+iZUeWw8d3cehYG80taR4/WiBcKWOCDOJrsBFzVQUiTNni8z1BYyvp2rf0D3RSX1tGfAX1ETtbkuSae0n7j9Q09FIuzmNjptYrmFh7dTnEbSKR7SSbBpUIfFzdR9p/JFHfgaZ6WXh4ObQRE1VA02ldFGFkbe4G6A4SDf2YRA4VBVGC5FZqtx1BM4f48nISGzOy97wubnjlhZvmqHiu1neNtSe3dBPUBiAOF3lWF97waXa84Czn9l3U6T96AeDDdZMVz5gIJ7ynz8XgLE+cZdpZxvdf+ouZ/iW+AxEldjf3XZxpAAAAAElFTkSuQmCC"
2,"data:image/png;base64,iVBORw0KGgoAAAANSUhEUgAAABAAAAAQCAYAAAAf8/9hAAAABGdBTUEAAK/INwWK6QAAABl0RVh0U29mdHdhcmUAQWRvYmUgSW1hZ2VSZWFkeXHJZTwAAAJDSURBVDjLpZNLSNRRFMZ/f53UUoc0SnyQhYRmRWVFYrvKQqpt0KaIiKDcRBs3BUGQSNGiMhJ6rIoWQiVtJlDDmXDRWx1c2EOQIXqJKI3ee869LeafCQUJns13v8X5OOf77gm89yykslhgRYbvnh5T1XLnFFVB1SJiETGzaK1BxMT2X+jd+5eAqpav2NGE94pXh3eCc4pXwavFqeBVeNV1e88/JxCxOCfMTKTwKjixOLUZFIMTQ260lJuFbdw43+NVFBVVsXIyfmlfR0TEUFJ74L+7am835w7Voc4z9nUq+2rny4tARuDskw8MpyZR4xCjqFFkRmd5TVk+YgUjnnWVRWxeXcSV+/3FABFrZzixPM7PrNFwZIuGo//mS5ZVcnxsG9HFAaOfx6muKMIay6yAswY16bDRzjY6MRkjxWKNxYojOTZF2ugfAWOmUTHkFJZkHJfQeSdhAooXS9nSQTp7HjGVHqfvhSFasBI4QnBw9ybvvcM5h/cOH6LzPsO9J1pbQvXeGras3UpF8Rp6hh7SP9jHp5Fvl7MePH0dDKbsx6KqesrW72T4a5CurGsiumo7Iz9yursS74PsqvzpTTUb0SxlY2kjGljqNzQAnIqEKR1OJBJtQBq4FYvFmsP3SYDxqe95i4ICmtYeA+DMrg66BtqBx3kRgGQyGQca5sR+b+4f+D7xZXoo9TzvbSpOS+MdWmNHycvOBZie1zE57y73v3tODhG6BtrJCSLE3zwDuB7M95zrm8taw5UKgUmgvf9aquUXPDCAeT1Y9gAAAAAASUVORK5CYII="
3,"data:image/png;base64,iVBORw0KGgoAAAANSUhEUgAAABAAAAAQCAYAAAAf8/9hAAAABGdBTUEAAK/INwWK6QAAABl0RVh0U29mdHdhcmUAQWRvYmUgSW1hZ2VSZWFkeXHJZTwAAAJ4SURBVDjLpZNdaM1xGMc//5fDZqTZ2c6Y9mIkmZelll2hlCVF3FDKlZRyQWJXmsKNCzeLcqdE5D0mL/M2s6HlJSlhs2Rv51iYOZ3z+/2ex8X/zHZJfvX0/J6b7+/zfH/P46kq/3NCgNNt3w6ost2pzBYRnIAVwTnBiWKdTAiHs4oTeX5467y6EEBUd22qmxb/l5ebzn1Y/IfAicQBCi7uBFVwFsSBMdE9mwGThYwBYxhtvIcxbvIEgTEfFGYVg9go1OZEMmAyYLPwth8AY924B85JTsCDviSoRCQiEYkby0AiAUA2J4Cq0nyzX3+mjZ5pG1RV1XOPB1RV9fyTqL7QEdVXOqOc/J7Wbceeq6pGBMYJokoYwMWOIYLA51LnEGEAV58N0T54iEdXBBUh1tXEgrIpZE1E4I+1oEAYeGyqLyH0YePyEmI+rK8rwfcC5lfPxfcD1i5LRF9rZdwD4wQVCH243pXkWeooT1sUVSV8sR/f94i13KHh1Utam0+iRaUsKVwH1OcErKCqxAJoqC2mowXmVFTS3fuJhtpi8p6WUTTcxbyte5lctZD069tMb2vlzurYLh+iqQMIfI+7r1IA9PT24uFx73WKzP0TzF2xgbyPD/BObWFK92WqKgpRT3eHANbayAMfVi2KEwb7WFkT5+GbFCtq4rR+/UxeaRWs3TO+A00zCcSrHPdAlZryqfQPp6lO5NMz8JOywkm8+/wdnZHg18sbFFzbSSY9wC9g5EeAC+jLDZK2Hzz7fmnWSYGxDmMdzgrGCdZZ6ks3MrXzFhUz8gmDGCNJS8+gr4oc9/52nds3lzeODvftCJxX4QL9onBizW175DdAmHVGgBeCfwAAAABJRU5ErkJggg=="
4,"data:image/png;base64,iVBORw0KGgoAAAANSUhEUgAAABAAAAAQCAYAAAAf8/9hAAAABGdBTUEAAK/INwWK6QAAABl0RVh0U29mdHdhcmUAQWRvYmUgSW1hZ2VSZWFkeXHJZTwAAAJqSURBVDjLnVNLa1phED1X1CS+Aokv0Ks0D2jQnbRJi6UJLdidBLsvXfQ3ZFnaXXfd5Re4KiG4DNKNaI1YUVDoUryVxIiPGOP71ZmvGBKkm14Y7nyXOWfOnG+uNJvNcP+pVquySqUKTafTwHg89lFgNBplut3uWavVOvH7/b/v10v3Ca6urp5JknSk0WiC9AYRgQkGgwFub2+hKErk5ubmy+HhYXKOUc2Ty8tLmboeLS8vB5eWlsDEmUxGxHA4xMrKClwuV/D6+vro+PhYXiAgmSG1Wi06M4BJ/P4XeLm/D6PRiF6vB1IGh8MRrFQqoTlOPU/6/X7AYDDwW3T7VaziPPlDKNnd3YPbvsr+wGq1otlsBgjy9YECmtPHxTyvlrqfJxMwuZ7A9OgAP4tjmEwmVgm9Xo9Op+NbUEAuC8NYPrXFdAoMocNkosVQWhU1k8kEZCITYMEDIsi0221RRNeF53tP0Wm30Or28erxDPV6XdSVSiX2I7NAQO6ekTkiTyQS0KCHd68d+HBgwKhTQSwWEwqz2SyPebYwQqPROCmXy288Hk+AbgO5XA7pdJpGmYp9YGP5TATf6dvJggIq2CWDbPF4PMLnnZ0dbG5uYmtrC16vF0SO09PTyPr6uo125f2DTQyHw28pD5PL2nw+76KlUrgrz82eaLVa1Go1kDKX2WxWiASpVOpjoVD4LEYgSd+2t7fBHsiyrNjtduh0OlxcXIjb4QUqFotsnrK2toaNjQ1Eo9FPBP1LwMvDAKfTCYvFIs4cNpvtLne73eKKeRfYFzb0zkRmJ0axRBxzEMf8G4MZxOB//o3/8/wBTrxxLgOn/DMAAAAASUVORK5CYII="
5,"data:image/png;base64,iVBORw0KGgoAAAANSUhEUgAAABAAAAAQCAYAAAAf8/9hAAAABGdBTUEAAK/INwWK6QAAABl0RVh0U29mdHdhcmUAQWRvYmUgSW1hZ2VSZWFkeXHJZTwAAAHiSURBVDjLzZPdS5NRHMf3Fwy67yYqepnzrSgJetEyl8s0GqvYEHLDFiGr4VwQZTcOpzfeVgQiCIJ4IWJUN+WNUhQqqAVjpg0c4vY8p7l89uLzfDpbV0FE4Y0HPpff7znf3+97TIBpJ5h2h4HxoNMlSUlEET0YEHrAL7Y77orCndsi7/WIXGuryN64KbRrDrF1uTmZuXjJXTKQAqckw+tXMD0N8/MQjcLSEvq7tySHh1GGhkgPDqI+fUZ8YID44242z5zPpGtONxcNPvLiOUxMwOgoLC7C3ByMjaEHg8R9Pta8XhSPhw23m09NTXzp7SXqv4+oOhkvGlQYXYEPRiQM8jZWVymdqSl0h4M1u531xka+S5br6vjc08Oytx1RcSKhHqlylmYg8+6ReV/qT7phfBwSCZidxXC5SEqhKk1Um41YOMzXW15E+fGYcriy8rctFHzt5nxb2+R2KAQzM7CwgCGfLurryTQ0sNHXx4oUq2XHYsqhcusf15h1uc2a8/pkviv0y0DOIFNbS7a/n28dflRL9bpy0Gr9aw+2rrSYf9jsb3IPH2GMjFCIRFDuBZB5NeVAWcs/FWnz3IW96VNno7lAJ5oUy7xaar/F+V9NFNU1Fpn3vcy7ktp39Oou/ws74Sc149q/X6rjygAAAABJRU5ErkJggg=="
6,"data:image/png;base64,iVBORw0KGgoAAAANSUhEUgAAABAAAAAQCAYAAAAf8/9hAAAABGdBTUEAAK/INwWK6QAAABl0RVh0U29mdHdhcmUAQWRvYmUgSW1hZ2VSZWFkeXHJZTwAAALASURBVDjLdZPLS1tBFMaDf4D7LLqviy66aulSsnBRaDWLSqFgmvRBUhG7UDQoJBpiSGpKTQrRIIqvYBRMKJHeRuMzPq/GNAbFx8JHLwoKLZau7v16zlDTBuzAMAx3vt/5zjdzdQB0N821tTXz0tJSamFhIUXD/L9zRZutra2yjY2NUhKXkPj89PQUJycnGBsbO08kEiXxeLx0fHy87EYAiXtIrK6urirpdFo/NzenHB4e4uDgACRUYrGYnkDKyMiIOjAw0FMEyGQy9v39fVxcXGBvbw8kvpqentby+TxyuRwmJiY0El+RMyiKgsnJSXi9XnsBQFVbqFeNISzY3d0VoGsA77PZLBiwvLyMpqYmrb6+vqWohcXFRRcfXl9fx8rKCiRJQjgcRn9/PzsCtYXZ2VlR3ePxuAotEFGm6sczMzOXOzs7kGUZyWQSTqcz3djYaGhtbTX4/f70/Py8APF3n8936Xa7j9va2mQdidWzszNhlytTkBgaGkJ7e7vhukp3d7eBMgCdFc7YDYdrs9lUHd2xenR0JHrkD1yBEkdXV1cBEAwGDZFIRDjgFsitOG8ymVQdXYlMFo/7+vouNzc3BYRz6O3tTYdCIUMgEBAthKKdePvxGV52PsJTZ7n2+HX5d6PRKBdCJIsuClIExSs9JIyOjoLuHYGIB46oCZ9yQWS+SfB/seKJ/w7u2fQ+IY5Goy3Dw8Pa9va2EPN10cMSmTCoxlOB2Nf3iOU/gIcv+QL+5CsG/BKAwcFBOyfPL49AoHSvXC6XxqFx3w/td5HIhfHviGeDDPj7ph0OR09dXZ1qsViUhoYGPUEUdsIOHry5pXml53BLNULs/lxT7OB6EqDMarWWNjc3lxDwfGpqiv8DVFju/zT6buOdZBGVeeV9IYObZm1trbm6ujpVWVmZqqqqMtPhDpo/2PaftYPP/QZledsx50IwXwAAAABJRU5ErkJggg=="
7,"data:image/png;base64,iVBORw0KGgoAAAANSUhEUgAAABAAAAAQCAYAAAAf8/9hAAAABGdBTUEAAK/INwWK6QAAABl0RVh0U29mdHdhcmUAQWRvYmUgSW1hZ2VSZWFkeXHJZTwAAAIvSURBVDjLpdNdSFNhHMdx6YVIhaALC8GLoFcso5dVRHVRFFQISlJeVFYQgdKKiEprldrmS8KgWYK2raZGbaOcafamLVxq6qxs5qxIHYpkUiYsmVvn2zmnGBbkhbv48Ryeh//n+Z/D/4QBYaHkvweagxujb6cttzlOLuqtP7Wgx3I0tjr38Gp9TnIMYu6L2TEh8DkjQhgzJSL0tSC4rAR0K+i8EId/9BtPLq2RERnQ7Fs7xZs/4643b/qYN3caXrWY7KkEGnQw2AkjA9DnhN5G7FU38DzVUHYiTgIOyUBByqqI0ZyZ9bSUgNMIzeL6/iF4mqDrAQy8+b3fdJUipYK+51q0KfMkIFoG9EeWLfRlRrbLQFkilCZAbSa0ikU9DvHmF+KznmHzcZ81XcGHe0qpmOBHtB2bn+BXz/HQoofyJLi1B+qy4FU59Iutd9WIXRXTWaEbthdsprtG9TfgzJirFhza7zxWgXkvWPbDMzW8NcPXbvhYC+5qWiv1vDPtpvHKNglwBYEvmshK8YaA3LphOzw6B+134JOdQKvx54gx6YfPGO9/XZ4uAxXn10tAdhAYzY94KTQWQlupGBNCRyW+QgVDqkih7fJOp79em9x/84BhZUwULsMuilNjJWBTELAol5R0qKK8Q1nhwmBmuOA+PdtnTl3cMH4mxIIt19OWyh2Mf/8JB+kfIM92cUNIgLu5KD4kQC6uK9gaHOFJAdaz6yTgzGSAa3/+QmmdNf7sF2A4ynPOLQFtAAAAAElFTkSuQmCC"
8,"data:image/png;base64,iVBORw0KGgoAAAANSUhEUgAAABAAAAAQCAYAAAAf8/9hAAAABGdBTUEAAK/INwWK6QAAABl0RVh0U29mdHdhcmUAQWRvYmUgSW1hZ2VSZWFkeXHJZTwAAAKhSURBVDjLjZLNTxNBGIf37/Bf8CI3DxwQo8aPA3g1XDTxwAFIJMWIIiJCUCQaZT1ICQYCISWRbyMgHwUUpJXyIQVa+kFpoWVpu922u9vt7s+ZgRCJGJ3kyUxm5n3edyYvB4A7jZaR4IW2iTDaJyMwj4Zu/+3eqZsNlq1nlpkwfGEFoaiKoQUBzy2erv8S1HS6JocXIkjIBtQsoBEUzcDMzyiedLi8jR+3z5wqeDu4fY4fCqh2twSJBEsKEIpnGSmVyIhkM5QGPxxEXY+/8ITgVa//XvvELu63Lh9iXoKpZQnl7x0oe/cDxW9seNi2RNZ2lBI6rWFUdfp4JuAHA/rQwgF2SSYa/K9BJfR5I4sx1Hb7de61xelTMjrEVJZlpYNfO0nJVAY3B2R2VsLbIaU19M0GcLHC4uUqzStGgmyYWlaPBQcJFVFJZXM4JsO3J2HVG2NnhY+tKG5ewcaOiILGOYMr4x3kg3T02UVUmB3sEg2OEeJJIiKSvWga7mAChgEUNcyheSwOIalQAbi7TTYmWAnq6LeJaO53s+AYCRZTGQYVhoQ0ars20DoVxydnFgfSkeBW3TwTOPd0rIZ0fF4UUPnBieqO9RM8aHNi3iNj0pVlHAsKHs0ywXpYh8OvYuD7PpkVJvsdutc9G4F1U8FX75HgJRFcNllJp+lYDqgsO724tqv/IaDQCnpJghmXAiFBK5gHl1s6bqRIz445BKztqPAKBrz7BjwEF8FN2IqQdYRUSZ5p9ykYIK0e2JdQ8OKbweUUtXuikqLvCCkjntIgyhppZQ1JRQMVU9IEmZI5RBBl3bYRkfNNli3ubGHTRM6d3tj5stFMbsW4llc5peVXWbVL1VbtSs20drVuWrtGuF5/yI366czVp1+SeeU9fhr7C4feT2DQtSX8AAAAAElFTkSuQmCC"
9,"data:image/png;base64,iVBORw0KGgoAAAANSUhEUgAAABAAAAAQCAYAAAAf8/9hAAAABGdBTUEAAK/INwWK6QAAABl0RVh0U29mdHdhcmUAQWRvYmUgSW1hZ2VSZWFkeXHJZTwAAAIHSURBVDjLfZKxa5NBGMZ/35dEamtFMkgGpaAVQcTRLp1LoYubi6MOgqiTZOrQxYKjOIh/gIuim5YqdChKl4KbQ0XESoPYaGq+fHff3fu+DklM2lRfeLg7uOd3z929iZnRL7l9y7hwkbi6isWIiaAhoL2xMj+PvVlj4u1K0veUGaphkw0ZNcbuOkasCMOWA4AQsRhR79EYu6AY/87LhwDSfYAiYN7D1BTiPeo94j3iHMn0NNrJsaL4T4IiLNH+sFhZ2KFy9Qcc8aga0knR3S/oWrO751+A8p332+bSNmfuHmP8PEZKqjlJaKF7HynGHrZ1wW0Pe5L+L8R3p2YwXjL9qGal42hsQvyNSYaJgyQBCbQ36w0puFK7Zhv73sAk1Dl9r2blE1j8BZJj4nrKUP8d04yxczdrYY/6yBU0FrOliUtY3MPU9eR7cph20PCTdPwkIWN25BdUpWppGdMc1PfkBhIH0gYLxILqKEAULIIWg+j902WQCPPE4pA+0ChNCy3MwoHobgBBkaJDyGmOAoJbl90NkqS0P770Rguk6VHyna90WqyPAMSx3N6831C3C6UxzCImvSQoSXmS6BI+PX/VyDOWR/oAYOdxckMCS5OXr9cq1bOQGBYzpGiRfdti6+nrRp6xOPfMnhwKAPj8IJkpWtSjY1Yi1eDBdWi6jHURludedBuoX38Av56vLTwJJBoAAAAASUVORK5CYII="
10,"data:image/png;base64,iVBORw0KGgoAAAANSUhEUgAAABAAAAAQCAYAAAAf8/9hAAAABGdBTUEAAK/INwWK6QAAABl0RVh0U29mdHdhcmUAQWRvYmUgSW1hZ2VSZWFkeXHJZTwAAAGeSURBVDjLjZLdKwRRGIf3X1wXuNAikiKfWXaVLO1SIjYlG9LYaGKxNSXWx1rnwoUo+Zhdu2vkRsp32ePCvH5nYoaGNaeemjkz5/ee85zX5W6VS4bjuc3uhSzzz4NohnlnT1nHzAlrnz5mbZEj1jJ5yHwRxsS/ROT6jiu4lEuF12+YE5pHd1O2AFHZKXVDSWYL8EcvxKQjaga27AG+ubTxUUllMlOJq9fB1Us+sAJieR5azPJ+Oc0DC2e8N3rCmyYOOFxocOGxAiTVCBhTtMJ08pYXY1i55nChwUXeDGgM7xsBovJ/dErnHC40uNDMAGynr35kj3VJKn98eQOcPzwLCib3gqcCf3l9e8QiDS6sgK8HuBCTWnxHvRtT8joqEfqC0BeEYxJ6g9AXhL4g9AXBBaF4gxUgqUZAKJYjnNMRcPFuBsCFESAqOwUurPvEdsbhQkNfkNMBFz+b4tPFnwt0gS7Qjfeq4MYvARBWbHyFiOEJrNkD4MLxEdxtsj0ALmS4MATVDm5TdTBBlf3rVNGjUHl3nMp8y1TqjYkrFMgf+hUje+AiV2IAAAAASUVORK5CYII="
11,"data:image/png;base64,iVBORw0KGgoAAAANSUhEUgAAABAAAAAQCAYAAAAf8/9hAAAABGdBTUEAAK/INwWK6QAAABl0RVh0U29mdHdhcmUAQWRvYmUgSW1hZ2VSZWFkeXHJZTwAAALDSURBVDjLpZNLTBNRFIb/6RMqtEDBFopFXiFGIERYmKgJUXBFQly4gI1LXbghcYPiI/JYmbhxLQvC3hjjQkSL4SnvYCRUCNJCSwSq0OnMdObeud6ZBIzB6MJJTiZz7/m/c89/5gqMMfzPY/tXwkYkUmkRhOuU0nJCyKvs7OyXPp+PHu4LfzvBSjh83+PxPM5wOs1vSZKQTCbjsizX1NXV7ZmLBuBPMbOw0LsVjzNVVZmiKIwLGQewRCLB5ufnv49NTGQYeZY/VQ6Nj/d5vd67BV4vOAC8IjjEqA673Y4stzuHi28buccAoVCoJ+D3dwZ8PqTTaRPAewf3wHwfHBwgx+OBRkjnMcDq4GB3FaX3TrvdZkVDfCg0QtM0c52birSm5f0G2O7q6vY7HF0FNhtofz/02VlTbIgM8ZORdvS+v4bME04kRRGpVCp8BFhtb7+ZUVralcF7JpOTIJEIhIEBYGjoV2Wiojj/DDpeNOHT8hJSothkjnEsGHT6W1qUYGsrtOlpkFgMOh/Xw+Y1MKpCZRQqhxTlVaK2+CI+fn2Hxc0pppC0+8OdhGhLWq0lRQ4HGDeHRKPQueOUB9FVNFffAGU6qE6hgyG2H0VN8QWIqizMRkb2a3ssebYfsqzK8Tj0RAKU93YIMI5siDf2vkDTuYm6Bo1qOEgnUXfqEkRNskytj+5ZdkRxI7y4uJRcXmb2wkLQVMoMhSgglMDnDsLvLkGhpwx2ayYKsgOYi45hbG10R1LRYP7Kz3Jz8+srKuYqq6r8mYzZpc1N3GqLQuFjVHkrMlFZef5Z4XzZVcxExjEcfrOtElyJ9bHPR3fhaVZW7kmX6/m5QKDRIwhuhRsZkyQ9Kkmtbbu7r6t7LKmG4GVXKDy8peqmeOXYZXrkcAgeq7U+02JppIytqbr+tkNRksZe2QMhRXWrS9Zp2bc+tn6o+QkxLL87j8znVAAAAABJRU5ErkJggg=="
12,"data:image/png;base64,iVBORw0KGgoAAAANSUhEUgAAABAAAAAQCAYAAAAf8/9hAAAABGdBTUEAAK/INwWK6QAAABl0RVh0U29mdHdhcmUAQWRvYmUgSW1hZ2VSZWFkeXHJZTwAAALBSURBVDjLbVNLSFRRGP7uw3lpw5TaNCZ5R6eEhIhahBFRoIsetEgJImhRUBQTUpCLFhK5dN8ycDESLSqCULLoSVZYDZYDTo7TOCTJTOk4zeu+Tv+5OjZWB37uOf/5/+9833fOFRhjqBxDQ0M1pmleNQyjnWIDBSh+Uozpuj7Q09Pzq7JeqAQIhUI7qfluQ0OD3+12QxRF0BrFYhGpVApxGgR0vLe3N/wPADXX0ObHlpaWgKqqSCaTyOVy/HTIsgyv12vVRSKRacrt6OvrK/C1WEai5AWfzxfQNA3RaHQmm80qNLfx4POpqak5DkzsAiQlWO6TyxNKtrtcLsRiMVDT0WAwmKiQmujv7+9IJBIRRVGs2v8B1HPNdBqfx/HX4DnOjtcQ2/o1Hsy+OsPGYq2YzzgtzcfaxiExDczQwfTl0DQDg+FdlqlexwKObB5H67kPwjIDAunuOgiBLBEkJ30PAaZA/Bx8kwzSYOhZ3OjMUV6zWqZvv/4jgZ/EC/X0Hcj2OghCDRVWAU4PpU0gn4Gx9AVq4RtMPQ+nPwimlioAiCJMfpKKxcn3pLManu17kRwZoP6N2LK/E/H7z5GemEExnYFc/xZ2zxoAzZLBiKqndRtEWx25Y8IoGfiUdkJ8+gbqoozdp6/B7m9DYeIRIi9HMdpRdcl6B4zcZcywtC58DhOLd/RCdJhFE6VCCfGRxwgc6IYj9gzC4Em4Zu5BaaoFE9hluQzAtTKS4NmqQHLVEoCK5lPn0azpeHJiGI5NfuDwldVrla/7IJmCsgKgkgcmGcQ9mCSAdYCDjJRtlNchue3Ihx+i+sFFYvQdeerJLkkwJMytAnAJ9sazcDZJEGz25SsU6SZMA81ddYi8GEbjeidkqQrZlI6v8wLdG7tpPaTorT2MG2l5YT0cbSX01a/6Q0ZmdgGgX4g5GBwehn0hQ/gNd0qgkPVltHcAAAAASUVORK5CYII="
13,"data:image/png;base64,iVBORw0KGgoAAAANSUhEUgAAABAAAAAQCAYAAAAf8/9hAAAABGdBTUEAAK/INwWK6QAAABl0RVh0U29mdHdhcmUAQWRvYmUgSW1hZ2VSZWFkeXHJZTwAAAMtSURBVDjLVZNLa1xlAIafc5szk8xkMkkm5MKY2EpT2qa2MTVCmoLS2gq6EKooimAW7iQb/0I2bgTRIog0oFW7KQpCS7VqrSmmJGlSQtswqWlLLmbGmcmcZM6cy/edz00r6bt8eXh4N6+mlGJnxiZHR4APgSNAFjCBKjClInXm05Gzl3by2mPB2OSoCUwAp1/LHbcziSyO24gbgJAegg2urF8UUsifhZBvfvXK99v/C8YmRy3gt8G2/cMv517E8Wx8ApYcjZiyKbkRSgQkcFn3rzG9Nn1LhOLYt2/8UNUfLZkYaN0zfLRrkLIMCHUNIXTqIoZLjLJvU/ASrFQtnko+z2BH38HAD78DMConHh4FPn5nz6vGgqyxTp16JNj2kpR9C8eD/OoW1VoNO1NCS+d5oW0vV27f2PX11MS8MTR6+JOTXUMHNCPBui5AtdMpk8xsGNQ9ndur20TxCnbPIn5TnmJUwaxIDrTm9Jn7d1tM4EiuqZs5d41iXGefsZsIwYNCgOfVSXconJbLLEWb4CuahU2+6HO8d4DQF/0m0NpgNvLAXaPgu6QadrEZpKhUItJZj/aMS1EewvHnsdUWW/+WKG82kEykCAPRbCqlNE1B4DsocpiW5OJfIVoiyfqSQFdNdGXrpLZGcFZDPKYJg2VQCiGEZkoRlZ3A6W41mknFn2WlaOKFFrG4Tbw9wb2/S3g3miHySLdbNDd2kzYKVGpVpIiqugjF7P3yQ55pyLFWmCSyVokZPqHnEoYmsWQGuyWOGdexNIkRFOnqbGN5bRngjh4G4rMLd6+KnmQW012lWrpOJuNjCh9LU9i6gRkEZHIrpNv/QK8vcijXz5lfLijgS+PmuYV75+fPDXr1Wt9znfsouy5x+2miuoltW1iawBJV0o0/wT8lBvbv5WZ+gaWNlasz43MfmQChH777e37uT78eHDx5+BiLBROjqhDaFmGkQ1KS6+mlr7+XX2evc+nWVB54+4kznfr8pZQIxXkRyhPvDb9vIjtQqgFN12hLO2yUZ/ni8o8SuAa8NTM+t/GE4HGGx4del0J+IGXUH8ko86iuAneAszPjc9/s5P8DuO6ZcsXuRqAAAAAASUVORK5CYII="
14,"data:image/png;base64,iVBORw0KGgoAAAANSUhEUgAAABAAAAAQCAYAAAAf8/9hAAAABGdBTUEAAK/INwWK6QAAABl0RVh0U29mdHdhcmUAQWRvYmUgSW1hZ2VSZWFkeXHJZTwAAAG1SURBVBgZpcG/S9RxHMfx5+dz3+LKsKxBC4KQXIvArYb+BQmuIYgGoaBJiAoiLCqwxUGwkBr7gaGOTu5NZhBkBRU3NEV2Q3d69/m+X+/6DEJcNoiPR3B3diKMjM1ePXN2+OFay3vcAQmXMBkuRy7cDLnjZphE7+7UXF39dmNhsjZdDJ8entpV7Yn9Vbajp9myKWC6aCWPrbVfbNd68sgfhZtz6UKHQBYIBCKRO3O3uHhylBOHT9G39yBFLPjb6ESdLLqLTSbj5etnZOutNlYa7s5WTEZW4E7mwMzSI340vlM/Xqe30ktZGjjg/EOlkUWTkT1ZekzFIscODfJ0cYZqZQ8YSI7jdJOJrHA5E/P32V/tY2hgiNKNA/v6WP34gXang7sIBLpJRhYl4+a52zSbLd58WmH5/TJzi/NstDew0pCcrUgii2VKZNdq12n8bPD5y1ee333Byru3BA8EAu5OtzKVZNFNbLp3+QGDA4Nk7Y1EJyXcRQiBbi6RRUlsKioF41fGyVI7IRP/I3eyMDI2O9t/9EhNZsiEmSEJSwlJyB2X4ebIhUtIZK8WJmvng7uzE5Ed+g22TgZNyTAeRAAAAABJRU5ErkJggg=="
15,"data:image/png;base64,iVBORw0KGgoAAAANSUhEUgAAABAAAAAQCAQAAAC1+jfqAAAABGdBTUEAAK/INwWK6QAAABl0RVh0U29mdHdhcmUAQWRvYmUgSW1hZ2VSZWFkeXHJZTwAAAFFSURBVCjPhZG/K8RxHMZfdy5OnEEMhhuMJCMldVl0JcOV7Bb2K/+CRakbTOdOsSjWK2WRZMDiR1eK7sJEuYsv98P3/XkM93Uj72d51+vp6aknJP6+yO+z3U/azTGsDt2rQGb5NQBCiHxqz3tUU5LUUFm73uZCi7Rw4lQ1OdVVVUUfaupLa5pJChESud5YcT4e4RPD4TDEDfs8lNz4iRcG0pPxKB7WVp4VYgwMaxXC4JJD1PHb2ibLN7f0oSSEQROdfGL4GEaOLN84rojiJiACAgwfhyPPFsIwhCFaCed1ujB8cmTbSSN4cA5hsMNnuvHJs4UFPYxRqthhK2Hj7KlBkWyADJ9FKryUtA4hAZnE23GZHq65I0KcMTxe8WYvjgIDTKe0M9gboxOjwTsvnpYuD6BtgKl+pZmzUdUoUVDmMhgr9N/cP2kRvjgCZVaBAAAAAElFTkSuQmCC"
